{
  "car_rental": 0,
  "todo_list": 1,
  "reset_settings": 2,
  "jump_start": 3,
  "damaged_card": 4,
  "new_card": 5,
  "ingredient_substitution": 6,
  "repeat": 7,
  "routing": 8,
  "travel_suggestion": 9,
  "credit_limit": 10,
  "balance": 11,
  "tire_pressure": 12,
  "application_status": 13,
  "redeem_rewards": 14,
  "weather": 15,
  "change_speed": 16,
  "order": 17,
  "find_phone": 18,
  "change_user_name": 19,
  "traffic": 20,
  "change_ai_name": 21,
  "user_name": 22,
  "thank_you": 23,
  "international_visa": 24,
  "do_you_have_pets": 25,
  "meeting_schedule": 26,
  "bill_due": 27,
  "how_busy": 28,
  "min_payment": 29,
  "accept_reservations": 30,
  "pin_change": 31,
  "timer": 32,
  "roll_dice": 33,
  "play_music": 34,
  "food_last": 35,
  "next_holiday": 36,
  "mpg": 37,
  "spelling": 38,
  "whisper_mode": 39,
  "reminder_update": 40,
  "plug_type": 41,
  "gas_type": 42,
  "interest_rate": 43,
  "flip_coin": 44,
  "schedule_meeting": 45,
  "book_flight": 46,
  "income": 47,
  "schedule_maintenance": 48,
  "are_you_a_bot": 49,
  "alarm": 50,
  "cancel": 51,
  "pto_balance": 52,
  "change_accent": 53,
  "greeting": 54,
  "exchange_rate": 55,
  "cook_time": 56,
  "measurement_conversion": 57,
  "rewards_balance": 58,
  "insurance": 59,
  "taxes": 60,
  "what_are_your_hobbies": 61,
  "report_lost_card": 62,
  "last_maintenance": 63,
  "report_fraud": 64,
  "restaurant_reviews": 65,
  "gas": 66,
  "no": 67,
  "restaurant_reservation": 68,
  "todo_list_update": 69,
  "international_fees": 70,
  "yes": 71,
  "calendar_update": 72,
  "definition": 73,
  "current_location": 74,
  "freeze_account": 75,
  "what_can_i_ask_you": 76,
  "who_made_you": 77,
  "order_status": 78,
  "account_blocked": 79,
  "update_playlist": 80,
  "translate": 81,
  "share_location": 82,
  "order_checks": 83,
  "what_song": 84,
  "pto_request": 85,
  "make_call": 86,
  "credit_limit_change": 87,
  "spending_history": 88,
  "nutrition_info": 89,
  "distance": 90,
  "meal_suggestion": 91,
  "reminder": 92,
  "shopping_list_update": 93,
  "timezone": 94,
  "date": 95,
  "calories": 96,
  "text": 97,
  "flight_status": 98,
  "pto_used": 99,
  "insurance_change": 100,
  "lost_luggage": 101,
  "uber": 102,
  "oil_change_how": 103,
  "travel_alert": 104,
  "calendar": 105,
  "next_song": 106,
  "who_do_you_work_for": 107,
  "rollover_401k": 108,
  "ingredients_list": 109,
  "smart_home": 110,
  "restaurant_suggestion": 111,
  "tell_joke": 112,
  "tire_change": 113,
  "calculator": 114,
  "maybe": 115,
  "replacement_card_duration": 116,
  "pto_request_status": 117,
  "what_is_your_name": 118,
  "bill_balance": 119,
  "expiration_date": 120,
  "apr": 121,
  "payday": 122,
  "directions": 123,
  "travel_notification": 124,
  "recipe": 125,
  "w2": 126,
  "sync_device": 127,
  "transactions": 128,
  "book_hotel": 129,
  "carry_on": 130,
  "fun_fact": 131,
  "where_are_you_from": 132,
  "confirm_reservation": 133,
  "direct_deposit": 134,
  "change_language": 135,
  "card_declined": 136,
  "cancel_reservation": 137,
  "pay_bill": 138,
  "oil_change_when": 139,
  "credit_score": 140,
  "goodbye": 141,
  "change_volume": 142,
  "vaccines": 143,
  "meaning_of_life": 144,
  "transfer": 145,
  "time": 146,
  "shopping_list": 147,
  "improve_credit_score": 148,
  "how_old_are_you": 149
}